{"spo2:92-96|resp:22-27|fio2:70-75|flow:50-55": [0.35338510000000006, 0.0, 0.0, 0.0, 0.0], "spo2:92-96|resp:>27|fio2:70-75|flow:50-55": [-0.005197510000000002, 0.0, 0.0, 0.0, 0.0], "spo2:88-91|resp:>27|fio2:70-75|flow:50-55": [0.1004851, -0.1, 0.0, 0.0, 0.0], "spo2:>96|resp:22-27|fio2:70-75|flow:50-55": [-0.1, -0.1, -0.1, 0.12533851000000001, 0.0], "spo2:92-96|resp:18-22|fio2:70-75|flow:50-55": [0.04336100000000001, 0.0, 0.0, 0.1410922, 0.0], "spo2:92-96|resp:>27|fio2:60-65|flow:50-55": [0.1, 0.0, 0.0, 0.0, 0.0], "spo2:92-96|resp:22-27|fio2:60-65|flow:50-55": [0.30017539000000004, 0.0, 0.0, 0.0, 0.0], "spo2:92-96|resp:<=18|fio2:60-65|flow:40-45": [-0.010000000000000009, 0.0, 0.0, 0.0, 0.0], "spo2:92-96|resp:22-27|fio2:50-55|flow:40-45": [0.1, 0.0, 0.0, 0.0, 0.0], "spo2:92-96|resp:18-22|fio2:50-55|flow:30-35": [0.50291029, 0.0, 0.0, 0.0, 0.0], "spo2:92-96|resp:22-27|fio2:50-55|flow:30-35": [0.3252142, 0.0, 0.0, 0.0, 0.0], "spo2:>96|resp:22-27|fio2:50-55|flow:15-20": [-0.19, -0.1, -0.10900000000000001, -0.010000000000000009, 0.0], "spo2:>96|resp:18-22|fio2:50-55|flow:15-20": [-0.09100000000000001, 0.0, 0.0, 0.062, 0.0], "spo2:92-96|resp:>27|fio2:50-55|flow:15-20": [-0.1, -0.10900000000000001, 0.0, 0.0, 0.0], "spo2:88-91|resp:18-22|fio2:50-55|flow:15-20": [-0.1, 0.0, 0.0, 0.0, 0.0], "spo2:>96|resp:>27|fio2:50-55|flow:15-20": [-0.18100000000000002, -0.19, -0.19, -0.18442000000000003, -0.1], "spo2:92-96|resp:22-27|fio2:40-45|flow:15-20": [-0.10900000000000001, 0.03512710000000001, -0.1, -0.1, -0.09361], "spo2:>96|resp:22-27|fio2:40-45|flow:15-20": [-0.1, -0.1, -0.109833661, -0.1, -0.029709999999999986], "spo2:92-96|resp:>27|fio2:40-45|flow:15-20": [0.009910000000000002, -0.1, -0.1, -0.09100000000000001, 0.1], "spo2:>96|resp:>27|fio2:40-45|flow:15-20": [-0.07100000000000001, 0.091, -0.09224127099999999, -0.1, -0.029709999999999986], "spo2:>96|resp:<=18|fio2:40-45|flow:15-20": [-0.1, 0.015200000000000019, 0.0, 0.0, 0.0], "spo2:92-96|resp:18-22|fio2:40-45|flow:15-20": [-0.09100000000000001, -0.1, -0.0829, 0.08007371000000002, 0.0], "spo2:88-91|resp:>27|fio2:40-45|flow:15-20": [-0.09100000000000001, -0.08461, 0.1, 0.0, 0.0], "spo2:92-96|resp:<=18|fio2:40-45|flow:15-20": [-0.010000000000000009, 0.0, 0.0, 0.0, 0.0], "spo2:88-91|resp:22-27|fio2:40-45|flow:15-20": [0.19, 0.0, 0.0, 0.0, 0.0], "spo2:88-91|resp:<=18|fio2:40-45|flow:15-20": [-0.09100000000000001, 0.0, 0.0, 0.0, 0.0], "spo2:<88|resp:>27|fio2:40-45|flow:15-20": [-0.099361, -0.1, -0.09361, 0.0, 0.0], "spo2:<88|resp:22-27|fio2:40-45|flow:15-20": [-0.1, 0.0, 0.0, 0.0, 0.0], "spo2:>96|resp:18-22|fio2:40-45|flow:15-20": [-0.19, -0.1, 0.0, 0.0, 0.0], "spo2:92-96|resp:22-27|fio2:60-65|flow:15-20": [-0.1, 0.0, 0.0, 0.0, 0.0], "spo2:>96|resp:18-22|fio2:60-65|flow:15-20": [-0.1, 0.0, 0.0, 0.0, 0.0], "spo2:>96|resp:>27|fio2:60-65|flow:15-20": [-0.0829, 0.0, 0.0, 0.0, 0.0], "spo2:92-96|resp:22-27|fio2:50-55|flow:15-20": [0.0, 0.0, 0.0, 0.0, -0.09100000000000001], "spo2:<88|resp:18-22|fio2:50-55|flow:15-20": [-0.1, 0.0, 0.0, 0.0, 0.0], "spo2:<88|resp:>27|fio2:50-55|flow:15-20": [0.1, 0.0, 0.0, 0.0, 0.0], "spo2:>96|resp:<=18|fio2:90-95|flow:60-65": [-0.1, -0.1, -0.1, -0.0010000000000000009, -0.0108535715487965], "spo2:>96|resp:<=18|fio2:70-75|flow:60-65": [0.19, 0.0, 0.0, 0.0, 0.0], "spo2:92-96|resp:<=18|fio2:70-75|flow:60-65": [-0.0010000000000000009, 0.540771869349446, 0.0, 0.0, 0.0], "spo2:92-96|resp:<=18|fio2:60-65|flow:60-65": [0.2791, 0.0, 0.0, 0.0, 0.0], "spo2:92-96|resp:22-27|fio2:60-65|flow:60-65": [0.1, 0.0, 0.0, 0.0, 0.0], "spo2:92-96|resp:<=18|fio2:80-85|flow:60-65": [-0.05447971000000003, 0.20251650871000001, 0.0, 0.0, 0.0], "spo2:>96|resp:<=18|fio2:80-85|flow:60-65": [0.11505781, 0.0, 0.0, 0.0, 0.0], "spo2:>96|resp:<=18|fio2:80-85|flow:50-55": [0.1, 0.0, 0.0, 0.0, 0.0], "spo2:92-96|resp:<=18|fio2:80-85|flow:45-50": [0.1, 0.0, 0.0, 0.0, 0.0], "spo2:92-96|resp:<=18|fio2:80-85|flow:40-45": [0.1, 0.0, 0.0, 0.0, 0.0], "spo2:92-96|resp:<=18|fio2:70-75|flow:40-45": [0.24669710000000003, 0.0, 0.0, 0.0, 0.0], "spo2:92-96|resp:18-22|fio2:70-75|flow:40-45": [0.11710000000000001, 0.0, 0.0, 0.0, 0.0], "spo2:88-91|resp:<=18|fio2:70-75|flow:50-55": [0.1, 0.0, 0.0, 0.0, 0.0], "spo2:92-96|resp:<=18|fio2:70-75|flow:50-55": [0.5895559, 0.0, 0.0, 0.0, 0.0], "spo2:92-96|resp:<=18|fio2:80-85|flow:50-55": [0.104552029, 0.0, 0.0, 0.0, 0.0], "spo2:88-91|resp:<=18|fio2:100-105|flow:70-75": [0.19, 0.0, -0.1, 0.0, 0.0], "spo2:92-96|resp:<=18|fio2:90-95|flow:60-65": [0.9337298725975178, 0.0, 0.0, 0.0, 0.0], "spo2:88-91|resp:<=18|fio2:90-95|flow:60-65": [0.0, 0.11505781, 0.0, 0.0, 0.0], "spo2:92-96|resp:<=18|fio2:100-105|flow:60-65": [0.22621138288389997, 0.0, 0.0, 0.0, 0.0], "spo2:>96|resp:<=18|fio2:100-105|flow:60-65": [0.11766295783899999, 0.0, 0.0, 0.0, 0.0], "spo2:92-96|resp:18-22|fio2:90-95|flow:60-65": [0.33293849066488984, 0.0, 0.0, 0.0, 0.0], "spo2:92-96|resp:<=18|fio2:85-90|flow:60-65": [0.14280343125553216, 0.0, 0.0, -0.1, 0.0], "spo2:>96|resp:<=18|fio2:85-90|flow:60-65": [0.1, 0.0, 0.0, 0.0, 0.0], "spo2:>96|resp:<=18|fio2:75-80|flow:60-65": [-0.1, 0.125119, 0.0, 0.0, 0.0], "spo2:92-96|resp:18-22|fio2:70-75|flow:60-65": [0.27407991215650973, 0.0, 0.0, 0.0, 0.0], "spo2:>96|resp:<=18|fio2:50-55|flow:60-65": [0.1, 0.0, 0.0, 0.0, 0.0], "spo2:92-96|resp:<=18|fio2:50-55|flow:50-55": [0.37415066590000007, 0.0, 0.0, 0.0, 0.0], "spo2:92-96|resp:<=18|fio2:60-65|flow:50-55": [-0.1, 0.0, 0.49976968509999997, 0.0, 0.0], "spo2:>96|resp:18-22|fio2:60-65|flow:50-55": [0.1, 0.0, 0.0, 0.0, 0.0], "spo2:92-96|resp:18-22|fio2:50-55|flow:50-55": [0.5086981967403886, 0.0, 0.0, 0.0, 0.0], "spo2:92-96|resp:18-22|fio2:60-65|flow:50-55": [0.125119, 0.0, 0.0, 0.0, 0.0], "spo2:92-96|resp:18-22|fio2:50-55|flow:40-45": [0.1, 0.0, 0.0, 0.0, 0.0], "spo2:92-96|resp:<=18|fio2:50-55|flow:40-45": [-0.010000000000000009, -0.1, 0.0, 0.0, 0.0], "spo2:88-91|resp:<=18|fio2:50-55|flow:40-45": [0.1, 0.0, 0.0, 0.0, 0.0], "spo2:>96|resp:18-22|fio2:50-55|flow:40-45": [-0.1, 0.0, 0.0, 0.0, 0.0], "spo2:>96|resp:<=18|fio2:50-55|flow:40-45": [0.1, 0.0, 0.0, 0.0, 0.0], "spo2:>96|resp:<=18|fio2:40-45|flow:50-55": [0.1, 0.0, 0.0, 0.0, 0.0], "spo2:92-96|resp:18-22|fio2:40-45|flow:50-55": [0.0791, 0.0, 0.0, 0.0, 0.0], "spo2:92-96|resp:<=18|fio2:40-45|flow:50-55": [0.376309, 0.0, 0.0, 0.0, 0.0], "spo2:88-91|resp:<=18|fio2:40-45|flow:50-55": [0.11710000000000001, 0.0, 0.0, 0.0, 0.0], "spo2:88-91|resp:18-22|fio2:50-55|flow:50-55": [0.14086981967403886, 0.0, 0.0, 0.0, 0.0], "spo2:92-96|resp:22-27|fio2:50-55|flow:50-55": [0.1, 0.0, 0.0, 0.0, 0.0], "spo2:>96|resp:<=18|fio2:70-75|flow:55-60": [0.1, 0.0, 0.0, 0.0, 0.0], "spo2:92-96|resp:18-22|fio2:70-75|flow:55-60": [0.2152, 0.0, 0.0, 0.0, 0.0], "spo2:88-91|resp:18-22|fio2:80-85|flow:65-70": [-0.1, 0.0, 0.0, 0.0, 0.0], "spo2:>96|resp:18-22|fio2:100-105|flow:60-65": [0.0031253202434509963, 0.0, 0.0, 0.0, 0.0], "spo2:92-96|resp:18-22|fio2:100-105|flow:60-65": [-0.0898640975540449, 0.1748062331862577, 0.0, 0.0, 0.0], "spo2:88-91|resp:18-22|fio2:100-105|flow:60-65": [0.1, 0.0, 0.0, 0.0, 0.0], "spo2:>96|resp:22-27|fio2:60-65|flow:40-45": [0.1, 0.0, 0.0, 0.0, 0.0], "spo2:92-96|resp:22-27|fio2:60-65|flow:40-45": [0.199, 0.0, 0.0, 0.0, 0.0], "spo2:>96|resp:22-27|fio2:60-65|flow:35-40": [0.1, 0.0, 0.0, 0.0, 0.0], "spo2:92-96|resp:22-27|fio2:60-65|flow:35-40": [0.4305781, 0.0, 0.0, 0.0, 0.0], "spo2:92-96|resp:18-22|fio2:60-65|flow:35-40": [0.13305781, 0.0, 0.0, 0.0, 0.0], "spo2:92-96|resp:>27|fio2:60-65|flow:35-40": [-0.1, 0.0, 0.0, 0.0, 0.0], "spo2:>96|resp:22-27|fio2:50-55|flow:30-35": [0.11936071, 0.0, 0.0, 0.0, 0.0], "spo2:<88|resp:22-27|fio2:40-45|flow:60-65": [-0.1, 0.0, 0.0, 0.0, 0.0], "spo2:>96|resp:18-22|fio2:80-85|flow:60-65": [0.14752198000000002, 0.0, 0.0, 0.0, 0.0], "spo2:>96|resp:18-22|fio2:70-75|flow:50-55": [0.13997696851, 0.0, 0.0, 0.0, 0.0], "spo2:92-96|resp:18-22|fio2:100-105|flow:50-55": [-0.1, -0.1, 0.0, 0.0, 0.1], "spo2:>96|resp:<=18|fio2:100-105|flow:50-55": [-0.1, 0.0, 0.0, 0.0, 0.0],