{
  "observation_shape": [
    50
  ],
  "action_size": 12,
  "config": {
    "type": "discrete_cql",
    "params": {
      "batch_size": 64,
      "gamma": 0.99,
      "observation_scaler": {
        "type": "standard",
        "params": {
          "mean": [
            87.94202787428247,
            94.21458454688232,
            22.7950739921141,
            36.8538381440569,
            118.51730097979728,
            66.13049830853448,
            42.682708858750026,
            65.51607872310356,
            33.12099957612604,
            13.25742775412021,
            25.68892825797224,
            100.57716250040633,
            7.642614504437149,
            5.945695828807116,
            222.02530637454083,
            3.662029060884829,
            39.6460520755453,
            1.1619965543022461,
            15.700126775672073,
            138.93991158209536,
            12.777082017229658,
            12.295939927835386,
            1.7759158729642752,
            28.063607255469233,
            2.527403049117446,
            2.053530214868511,
            7.0,
            65.55016578357117,
            43.52127555830056,
            36.609693462926245,
            0.6551607907388997,
            7.717980491756769,
            74.11539836816955,
            159.738742375015,
            113.36578451431964,
            0.8772226375841108,
            0.1362025810226571,
            0.0827455059649579,
            0.7239378474141014,
            0.05711406559828365,
            0.9988135097357215,
            0.0011864902642785165,
            0.0,
            1.6612814094854207,
            1.9017651074342554,
            94.21170933330392,
            0.6574898749926932,
            -0.003658314624455124,
            -0.41294581094168253,
            0.14431460444078495
          ],
          "std": [
            18.842255970350784,
            3.6741194485534776,
            6.689545385529834,
            0.4253433119191736,
            20.406911122077226,
            14.367555868116591,
            12.22669392717379,
            20.284864152254826,
            3.766935371225865,
            3.5881936643638395,
            5.363762602509185,
            6.8574045163646264,
            3.049098645874834,
            1.4551703278531094,
            127.04296397751803,
            0.6456533052296387,
            22.315692037392928,
            0.5643918714514187,
            6.782244117773567,
            5.701715765857192,
            8.245580068753885,
            7.233624138084522,
            0.4933578936141171,
            6.417045622008456,
            4.9217940297612355,
            0.19558973148808562,
            0.0,
            36.59137171669379,
            11.39610866168913,
            44.98011009593697,
            0.20284863817632978,
            3.9940627751042252,
            68.45277599833095,
            55.37914368905344,
            81.96748481225382,
            0.32818147676870935,
            0.34300355383795084,
            0.2754971637014377,
            0.44704791744924466,
            0.23206044279272017,
            0.03442502730762065,
            0.03442502730762065,
            0.0,
            0.5591947521420546,
            0.89516709510698,
            3.6936624868785164,
            0.28379935831602926,
            0.588961914347823,
            0.11416566030471596,
            0.21167091910498306
          ],
          "eps": 0.001
        }
      },
      "action_scaler": {
        "type": "none",
        "params": {}
      },
      "reward_scaler": {
        "type": "none",
        "params": {}
      },
      "compile_graph": false,
      "learning_rate": 0.001,
      "optim_factory": {
        "type": "adam",
        "params": {
          "clip_grad_norm": null,
          "lr_scheduler_factory": {
            "type": "none",
            "params": {}
          },
          "betas": [
            0.9,
            0.999
          ],
          "eps": 1e-08,
          "weight_decay": 0,
          "amsgrad": false
        }
      },
      "encoder_factory": {
        "type": "default",
        "params": {
          "activation": "relu",
          "use_batch_norm": false,
          "dropout_rate": null
        }
      },
      "q_func_factory": {
        "type": "mean",
        "params": {
          "share_encoder": false
        }
      },
      "n_critics": 1,
      "target_update_interval": 8000,
      "alpha": 1.0
    }
  }
}