{
  "observation_shape": [
    45
  ],
  "action_size": 12,
  "config": {
    "type": "discrete_cql",
    "params": {
      "batch_size": 256,
      "gamma": 0.99,
      "observation_scaler": {
        "type": "standard",
        "params": {
          "mean": [
            87.92672922124622,
            94.23027504608619,
            22.75054935758353,
            36.853282297357154,
            119.0004779597163,
            65.95571884325028,
            42.76110900255699,
            65.57777817705441,
            33.26636531652757,
            13.257520073035417,
            25.709853929165007,
            100.51620473325687,
            7.597234251738103,
            5.924317175614404,
            219.45803974812145,
            3.6673845361548727,
            39.608037407242676,
            1.1705037571104193,
            15.742532596736815,
            138.87142723378355,
            12.795423565691907,
            12.269517076710597,
            1.769774573374845,
            28.041977808469298,
            2.509281584306749,
            2.0483771857955477,
            7.0,
            66.66932161333365,
            43.486844261335705,
            34.876132400102996,
            0.6557777852931675,
            7.720725086050848,
            70.64411620122193,
            159.42203227859576,
            115.1623008926223,
            0.877934876752733,
            0.13505700039794938,
            0.08111144923804396,
            0.7251457197031765,
            0.05868583066083007,
            0.9984082024391957,
            0.001591797560804326,
            0.0,
            1.6654181979915261,
            1.9081439172265269
          ],
          "std": [
            18.662491422872318,
            3.664729451946526,
            6.680244568737144,
            0.42456533153198706,
            20.664763847110592,
            14.450715313224928,
            12.190495835000492,
            20.24339227098435,
            7.894354837041787,
            3.6497743841845267,
            5.3729276018298595,
            6.784856236260043,
            3.0140833715009006,
            1.4579732915741517,
            126.74836029835414,
            0.654541454317099,
            22.30529823067308,
            0.5888479635549376,
            7.0706884270365675,
            5.70219929144206,
            8.631343561382632,
            7.147335055625229,
            0.4900454068629818,
            6.4026578237418486,
            4.941965382004191,
            0.1937943983606855,
            0.0,
            37.01138848239833,
            11.392965045634634,
            41.67204102425498,
            0.20243391939356073,
            3.9935008347108,
            62.7576190625978,
            54.717764517058725,
            83.17456198157227,
            0.32736100704544496,
            0.34178444528887014,
            0.2730061941434001,
            0.44644081903341354,
            0.23503575034552812,
            0.03986557087673182,
            0.03986557087673182,
            0.0,
            0.5506024421665995,
            0.8914826826258663
          ],
          "eps": 0.001
        }
      },
      "action_scaler": {
        "type": "none",
        "params": {}
      },
      "reward_scaler": {
        "type": "none",
        "params": {}
      },
      "compile_graph": false,
      "learning_rate": 0.001,
      "optim_factory": {
        "type": "adam",
        "params": {
          "clip_grad_norm": null,
          "lr_scheduler_factory": {
            "type": "none",
            "params": {}
          },
          "betas": [
            0.9,
            0.999
          ],
          "eps": 1e-08,
          "weight_decay": 0,
          "amsgrad": false
        }
      },
      "encoder_factory": {
        "type": "default",
        "params": {
          "activation": "relu",
          "use_batch_norm": false,
          "dropout_rate": null
        }
      },
      "q_func_factory": {
        "type": "mean",
        "params": {
          "share_encoder": false
        }
      },
      "n_critics": 1,
      "target_update_interval": 8000,
      "alpha": 0.5
    }
  }
}